Unnamed: 0,Unnamed: 1,Unnamed: 2,Unnamed: 3,Unnamed: 4,Unnamed: 5,Unnamed: 6,Unnamed: 7,Unnamed: 8,Unnamed: 9,Unnamed: 10,Unnamed: 11,Unnamed: 12,Unnamed: 13,Unnamed: 14,Unnamed: 15,Unnamed: 16,Unnamed: 17,Unnamed: 18,Unnamed: 19,Unnamed: 20,Unnamed: 21,Unnamed: 22,Unnamed: 23,Unnamed: 24,Unnamed: 25,Unnamed: 26,Unnamed: 27,Unnamed: 28,Unnamed: 29,Unnamed: 30,Unnamed: 31
,,,,,,,,,,,,,,,,,,,Key:  ,,Score,,,Date ,,,Color,,,Tester,
,Child's name:,,,,,,,,,,,,,,,,,,1st test:,,,,,,,,,,,,
,Date of birth:,,,,,,,,,,,,,,,,,,2nd test:,,,,,,,,,,,,
,Age at testing:,,,,1.0,,,2,,,3.0,,,4.0,,,,,3rd test:,,,,,,,,,,,,
,,,,,,,,,,,,,,,,,,,4th test:,,,,,,,,,,,,
,,,,,,,,,,,,,,,,,,,,,,,,,,,,,,,
,,,Behavior               Problems,,,,,Instructional Control,,,,,Defective                 Mand,,,,,Defective               Tact,,,,,Defective                  Imitation,,,,,Defective Echoic,,,
,,,,,,,,,,,,,,,,,,,,,,,,,,,,,,,
,,,,,,,,,,,,,,,,,,,,,,,,,,,,,,,
,4,,,,,,,,,,,,,,,,,,,,,,,,,,,,,,
,3,,,,,,,,,,,,,,,,,,,,,,,,,,,,,,
,2,,,,,,,,,,,,,,,,,,,,,,,,,,,,,,
,1,,,,,,,,,,,,,,,,,,,,,,,,,,,,,,
,,,1,2.0,3.0,4.0,,1,2.0,3.0,4.0,,1,2.0,3.0,4.0,,1,2,3.0,4,,1,2,3.0,4.0,,1,2.0,3,4.0
,,,,,,,,,,,,,,,,,,,,,,,,,,,,,,,
,,,Defective               VP-MTS,,,,,Defective                    Listener,,,,,Defective Intraverbal,,,,,Defective          Social Skills,,,,,Prompt                Dependent,,,,,Scrolling,,,
,,,,,,,,,,,,,,,,,,,,,,,,,,,,,,,
,,,,,,,,,,,,,,,,,,,,,,,,,,,,,,,
,4,,,,,,,,,,,,,,,,,,,,,,,,,,,,,,
,3,,,,,,,,,,,,,,,,,,,,,,,,,,,,,,
,2,,,,,,,,,,,,,,,,,,,,,,,,,,,,,,
,1,,,,,,,,,,,,,,,,,,,,,,,,,,,,,,
,,,1,2.0,3.0,4.0,,1,2.0,3.0,4.0,,1,2.0,3.0,4.0,,1,2,3.0,4,,1,2,3.0,4.0,,1,2.0,3,4.0
,,,,,,,,,,,,,,,,,,,,,,,,,,,,,,,
,,,Defective Scanning,,,,,Defective Conditional Discrimination,,,,,Failure to Generalize,,,,,Weak                        Motivators,,,,,Response Requirement Weakens MO,,,,,Reinforcer Dependent,,,
,,,,,,,,,,,,,,,,,,,,,,,,,,,,,,,
,,,,,,,,,,,,,,,,,,,,,,,,,,,,,,,
,4,,,,,,,,,,,,,,,,,,,,,,,,,,,,,,
,3,,,,,,,,,,,,,,,,,,,,,,,,,,,,,,
,2,,,,,,,,,,,,,,,,,,,,,,,,,,,,,,
,1,,,,,,,,,,,,,,,,,,,,,,,,,,,,,,
,,,1,2.0,3.0,4.0,,1,2.0,3.0,4.0,,1,2.0,3.0,4.0,,1,2,3.0,4,,1,2,3.0,4.0,,1,2.0,3,4.0
,,,,,,,,,,,,,,,,,,,,,,,,,,,,,,,
,,,Self-         Stimulation,,,,,Defective Articulation,,,,,Obsessive-Compulsive Behavior,,,,,Hyperactive Behavior,,,,,Failure to Make Eye Contact,,,,,Sensory Defensive,,,
,,,,,,,,,,,,,,,,,,,,,,,,,,,,,,,
,,,,,,,,,,,,,,,,,,,,,,,,,,,,,,,
,4,,,,,,,,,,,,,,,,,,,,,,,,,,,,,,
,3,,,,,,,,,,,,,,,,,,,,,,,,,,,,,,
,2,,,,,,,,,,,,,,,,,,,,,,,,,,,,,,
,1,,,,,,,,,,,,,,,,,,,,,,,,,,,,,,
,,,1,2.0,3.0,4.0,,1,2.0,3.0,4.0,,1,2.0,3.0,4.0,,1,2,3.0,4,,1,2,3.0,4.0,,1,2.0,3,4.0
