Unnamed: 0,Unnamed: 1,Unnamed: 2,Unnamed: 3,Unnamed: 4,Unnamed: 5,Unnamed: 6,Unnamed: 7,Unnamed: 8,Unnamed: 9,Unnamed: 10,Unnamed: 11,Unnamed: 12,Unnamed: 13,Unnamed: 14,Unnamed: 15,Unnamed: 16,Unnamed: 17,Unnamed: 18,Unnamed: 19,Unnamed: 20
,,,,,,,,,,,,Key:,,Score,,Date,,Color,,Tester
Child's name:,,,,,,,,,,,,1st test: ,,,,,,,,
Date of birth:,,,,,,,,,,,,2nd test:,,,,,,,,
Age at testing:,,,1.0,,2.0,,3.0,,4.0,,,3rd test:  ,,,,                ,,                ,,                
,,,,,,,,,,,,4th test:  ,,,,                ,,                ,,                
,,,,,,,,,,,,,,,,,,,,
Mand,,Tact,,Listener,,VP_MTS,,Play,,Social,,Imitation,,Echoic,,Vocal,,,,
,,,,,,,,,,,,,,,,,,,,
5-M,,5-M,,5-M,,5-M,,5-M,,5-M,,5-M,,5-M,,5-M,,,,
5-e,,5-c,,5-e,,5-e,,5-f,,5-c,,5-d,,,,,,,,
5-d,,5-b,,5-d,,5-d,,5-e,,5-b,,5-c,,,,,,,,
5-c,,5-a,,5-c,,5-c,,5-d,,5-a,,5-b,,,,,,,,
5-b,,,,5-b,,5-b,,5-c,,,,5-a,,,,,,,,
5-a,,,,5-a,,5-a,,5-b,,,,,,,,,,,,
,,,,,,,,,,,,,,,,,,,,
,,,,,,,,,,,,,,,,,,,,
,,,,,,,,,,,,,,,,,,,,
,,,,,,,,,,,,,,,,,,,,
,,,,,,,,,,,,,,,,,,,,
4-M,,4-M,,4-M,,4-M,,4-M,,4-M,,4-M,,4-M,,4-M,,,,
4-e,,4-b,,4-e,,4-b,,4-e,,4-d,,4-d,,,,,,,,
4-d,,4-a,,4-d,,4-a,,4-d,,4-c,,4-c,,,,,,,,
4-c,,,,4-c,,,,4-c,,4-b,,4-b,,,,,,,,
4-b,,,,4-b,,,,4-b,,4-a,,4-a,,,,,,,,
4-a,,,,4-a,,,,4-a,,,,,,,,,,,,
,,,,,,,,,,,,,,,,,,,,
,,,,,,,,,,,,,,,,,,,,
,,,,,,,,,,,,,,,,,,,,
,,,,,,,,,,,,,,,,,,,,
,,,,,,,,,,,,,,,,,,,,
3-M,,3-M,,3-M,,3-M,,3-M,,3-M,,3-M,,3-M,,3-M,,,,
3-d,,3-b,,3-f,,3-b,,3-e,,3-c,,3-d,,,,,,,,
3-c,,3-a,,3-e,,3-a,,3-d,,3-b,,3-c,,,,,,,,
3-b,,,,3-d,,,,3-c,,3-a,,3-b,,,,,,,,
3-a,,,,3-c,,,,3-b,,,,3-a,,,,,,,,
,,,,3-b,,,,3-a,,,,,,,,,,,,
,,,,3-a,,,,,,,,,,,,,,,,
,,,,,,,,,,,,,,,,,,,,
,,,,,,,,,,,,,,,,,,,,
,,,,,,,,,,,,,,,,,,,,
,,,,,,,,,,,,,,,,,,,,
,,,,,,,,,,,,,,,,,,,,
2-M,,2-M,,2-M,,2-M,,2-M,,2-M,,2-M,,2-M,,2-M,,,,
2-e,,,,2-a,,2-c,,2-d,,2-c,,2-b,,,,,,,,
2-d,,,,,,2-b,,2-c,,2-b,,2-a,,,,,,,,
2-c,,,,,,2-a,,2-b,,2-a,,,,,,,,,,
2-b,,,,,,,,2-a,,,,,,,,,,,,
2-a,,,,,,,,,,,,,,,,,,,,
,,,,,,,,,,,,,,,,,,,,
,,,,,,,,,,,,,,,,,,,,
,,,,,,,,,,,,,,,,,,,,
1-M,,1-M,,1-M,,1-M,,1-M,,1-M,,1-M,,1-M,,1-M,,,,
1-d,,1-a,,1-a,,1-b,,1-d,,1-c,,1-b,,,,,,,,
1-c,,,,,,1-a,,1-c,,1-b,,1-a,,,,,,,,
1-b,,,,,,,,1-b,,1-a,,,,,,,,,,
1-a,,,,,,,,1-a,,,,,,,,,,,,
,,,,,,,,,,,,,,,,,,,,
,,,,,,,,,,,,,,,,,,,,
,,,,,,,,,,,,,,,,,,,,
,,,,,,,,,,,,,,,,,,,,
,,,,,,,,,,,,,,,,,,,,
Mand,,Tact,,Listener,,VP_MTS,,Play,,Social,,Imitation,,Echoic,,Vocal,,,,
