Unnamed: 0,Unnamed: 1,Unnamed: 2,Unnamed: 3,Unnamed: 4,Unnamed: 5,Unnamed: 6,Unnamed: 7,Unnamed: 8,Unnamed: 9,Unnamed: 10,Unnamed: 11,Unnamed: 12,The Assessment of Basic Language and Learning Skills-Revised,Unnamed: 14,Unnamed: 15,Unnamed: 16,Unnamed: 17,Unnamed: 18,Unnamed: 19,Unnamed: 20,Unnamed: 21,Unnamed: 22,Unnamed: 23,Unnamed: 24,Unnamed: 25,Unnamed: 26,Unnamed: 27,Unnamed: 28,Unnamed: 29,Unnamed: 30,Unnamed: 31,Unnamed: 32,Unnamed: 33,Unnamed: 34,Unnamed: 35,Unnamed: 36,Unnamed: 37,Unnamed: 38,Unnamed: 39,Unnamed: 40,Unnamed: 41,Unnamed: 42,Unnamed: 43,Unnamed: 44,Unnamed: 45,Unnamed: 46,Unnamed: 47,Unnamed: 48,Unnamed: 49
Student:,,,,,,,,,,,,,,,,,Skill Tracking System,,,,,,,,,,,,,,,,,,,,,,,,,,,,,,,,
Assessor,,,,Date,,Color Code,,,,,,C57,,,,,,,,,,,,,,,,,,,,,,,,,,,,,,,,,,,,,
,,,,,,,,,,,,C56,,,,,,,"James W. Partington, Ph.D., BCBA",,,,,,,,,,,,,,,,,,,,,,,,,,,,,,
,,,,,,,,,,,,C55,,,,,,,,,,,,,,,,,,,,,,,,,,,,,,,,,,,,,
,,,,,,,,,,,,C54,,,,,,,,,,,,,,,,,,,,,,,,,,,,,,,,,,,,,
,,,,,,,,,,,,C53,,,,,,,,,,,,,,,,,,,,,,,,,,,,,,,,,,,,,
,,,,,,,,,,,,C52,,,,,,,,,,,,,,,,,,,,,,,,,,,,,,,,,,,,,
,,,,,,,,,,,,C51,,,,,,,,,,,,,,,,,,,,,,,,,,,,,,,,,,,,,
,,,,,,,,,,,,C50,,,,,,,,,,,,,,,,,,,,,,,,,,,,,,,,,,,,,
,,,,,,,,,,,,C49,,,,,,,,,,,,,,,,,,,,,,,,,,,,,,H49,,,,,,,
ABLLSTM REGISTRATION # ,,,,,,,,,,,,C48,,,,,,,,,,,,,,,,,,,,,,,,,,,,,,H48,,,,,,,
,,,,,,,,,,,,C47,,,,,,,,,,,,,,,,,,,,,,,,G47,,,,,,H47,,,,,,,
,,,,,,,,,,,,C46,,,,,,,,,,,,,,,,,,,,,,,,G46,,,,,,H46,,,,,,,
,,,,,,,,,,,,C45,,,,,,,,,,,,,,,,,,,,,,,,G45,,,,,,H45,,,,,,,
,,,,,,,,,,,,C44,,,,,,,,,,,,,,,,,,,,,,,,G44,,,,,,H44,,,,,,,
,,,,,,,,,,,,C43,,,,,,,,,,,,,,,,,,,,,,,,G43,,,,,,H43,,,,,,,
,,,,,,,,,,,,C42,,,,,,,,,,,,,,,,,,,,,,,,G42,,,,,,H42,,,,,,,
,,,,,,,,,,,,C41,,,,,,,,,,,,,,,,,,,,,,,,G41,,,,,,H41,,,,,,,
,,,,,,,,,,,,C40,,,,,,,,,,,,,,,,,,,,,,,,G40,,,,,,H40,,,,,,,
,,,,,,,,,,,,C39,,,,,,,,,,,,,,,,,,,,,,,,G39,,,,,,H39,,,,,,,
,,,,,,,,,,,,C38,,,,,,,,,,,,,,,,,,,,,,,,G38,,,,,,H38,,,,,,,
,,,,,,,,,,,,C37,,,,,,,,,,,,,,,,,,,,,,,,G37,,,,,,H37,,,,,,,
,,,,,,,,,,,,C36,,,,,,,,,,,,,,,,,,,,,,,,G36,,,,,,H36,,,,,,,
,,,,,,,,,,,,C35,,,,,,,,,,,,,,,,,,,,,,,,G35,,,,,,H35,,,,,,,
,,,,,,,,,,,,C34,,,,,,,,,,,,,,,,,,,,,,,,G34,,,,,,H34,,,,,,,
,,,,,,,,,,,,C33,,,,,,,,,,,,,,,,,,,,,,,,G33,,,,,,H33,,,,,,,
,,,,,,,,,,,,C32,,,,,,,,,,,,,,,,,,,,,,,,G32,,,,,,H32,,,,,,,
,,,,,,,,,,,,C31,,,,,,,,,,,,,,,,,,,,,,,,G31,,,,,,H31,,,,,,,
,,,,,,,,,,,,C30,,,,,,,,,,,,,,,,,,,,,,,,G30,,,,,,H30,,,,,,,
,,,,,,,,,,,,C29,,,,,,did not test,,,,,,,,,,,,F29,,,,,,G29,,,,,,H29,,,,,,,
,,,,,,,,,,,,C28,,,,,,,,,,,,,,,,,,F28,,,,,,G28,,,,,,H28,,,,,,,
,,,,,,B27,,,,,,C27,,,,,,D27,,,,,,,,,,,,F27,,,,,,G27,,,,,,H27,,,,,,,
,,,,,,B26,,,,,,C26,,,,,,D26,,,,,,,,,,,,F26,,,,,,G26,,,,,,H26,,,,,,,
,,,,,,B25,,,,,,C25,,,,,,D25,,,,,,,,,,,,F25,,,,,,G25,,,,,,H25,,,,,,,
,,,,,,B24,,,,,,C24,,,,,,D24,,,,,,,,,,,,F24,,,,,,G24,,,,,,H24,,,,,,,
,,,,,,B23,,,,,,C23,,,,,,D23,,,,,,,,,,,,F23,,,,,,G23,,,,,,H23,,,,,,,
,,,,,,B22,,,,,,C22,,,,,,D22,,,,,,,,,,,,F22,,,,,,G22,,,,,,H22,,,,,,,
,,,,,,B21,,,,,,C21,,,,,,D21,,,,,,,,,,,,F21,,,,,,G21,,,,,,H21,,,,,,,
,,,,,,B20,,,,,,C20,,,,,,D20,,,,,,E20,,,,,,F20,,,,,,G20,,,,,,H20,,,,,,,
A19,,,,,,B19,,,,,,C19,,,,,,D19,,,,,,E19,,,,,,F19,,,,,,G19,,,,,,H19,,,,,,,
A18,,,,,,B18,,,,,,C18,,,,,,D18,,,,,,E18,,,,,,F18,,,,,,G18,,,,,,H18,,,,,,,
A17,,,,,,B17,,,,,,C17,,,,,,D17,,,,,,E17,,,,,,F17,,,,,,G17,,,,,,H17,,,,,,,
A16,,,,,,B16,,,,,,C16,,,,,,D16,,,,,,E16,,,,,,F16,,,,,,G16,,,,,,H16,,,,,,,
A15,,,,,,B15,,,,,,C15,,,,,,D15,,,,,,E15,,,,,,F15,,,,,,G15,,,,,,H15,,,,,,,
A14,,,,,,B14,,,,,,C14,,,,,,D14,,,,,,E14,,,,,,F14,,,,,,G14,,,,,,H14,,,,,,,
A13,,,,,,B13,,,,,,C13,,,,,,D13,,,,,,E13,,,,,,F13,,,,,,G13,,,,,,H13,,,,,,,
A12,,,,,,B12,,,,,,C12,,,,,,D12,,,,,,E12,,,,,,F12,,,,,,G12,,,,,,H12,,,,,,,
A11,,,,,,B11,,,,,,C11,,,,,,D11,,,,,,E11,,,,,,F11,,,,,,G11,,,,,,H11,,,,,,,
A10,,,,,,B10,,,,,,C10,,,,,,D10,,,,,,E10,,,,,,F10,,,,,,G10,,,,,,H10,,,,,,,
A9,,,,,,B9,,,,,,C9,,,,,,D9,,,,,,E9,,,,,,F9,,,,,,G9,,,,,,H9,,,,,,I9,
A8,,,,,,B8,,,,,,C8,,,,,,D8,,,,,,E8,,,,,,F8,,,,,,G8,,,,,,H8,,,,,,I8,
A7,,,,,,B7,,,,,,C7,,,,,,D7,,,,,,E7,,,,,,F7,,,,,,G7,,,,,,H7,,,,,,I7,
A6,,,,,,B6,,,,,,C6,,,,,,D6,,,,,,E6,,,,,,F6,,,,,,G6,,,,,,H6,,,,,,I6,
A5,,,,,,B5,,,,,,C5,,,,,,D5,,,,,,E5,,,,,,F5,,,,,,G5,,,,,,H5,,,,,,I5,
A4,,,,,,B4,,,,,,C4,,,,,,D4,,,,,,E4,,,,,,F4,,,,,,G4,,,,,,H4,,,,,,I4,
A3,,,,,,B3,,,,,,C3,,,,,,D3,,,,,,E3,,,,,,F3,,,,,,G3,,,,,,H3,,,,,,I3,
A2,,,,,,B2,,,,,,C2,,,,,,D2,,,,,,E2,,,,,,F2,,,,,,G2,,,,,,H2,,,,,,I2,
A1,,,,,,B1,,,,,,C1,,,,,,D1,,,,,,E1,,,,,,F1,,,,,,G1,,,,,,H1,,,,,,I1,
A,Cooperation &,,,,,B,Visual,,,,,C,Receptive,,,,,D,Imitation,,,,,E,Vocal,,,,,F,Requests/mands,,,,,G,Labeling/Tacts,,,,,H,Intraverbals,,,,,I,Spontaneous
Reinforcer Effectivness,,,,,,,Performance,,,,,,Language,,,,,,,,,,,,Imitation,,,,,,,,,,,,,,,,,,,,,,,,Vocalizations
,,,,,,,,,,,,,,,,,,,"Copyright© 1994-2006 by Behavior Analysts, Inc.",,,,,,,,,,,,,,,,,,,,,,,,,,,,,,
,,,,,,,,,,,,,The Assessment of Basic Language and Learning Skills-Revised,,,,,,,,,,,,,,,,,,,,,,,,,,,,,,,,,,,,
Student:,,,,,,,,,,,,,,,,,Skill Tracking System,,,,,,,,,,,,,,,,,,,,,,,,,,,,,,,,
Assessor,,,,Date,,Color Code,,,,,,,,,,,,,,,,,,,,,,,,,,,,,,,,,,,,,,,,,,,
,,,,,,,,,,,,,,,,,,,"James W. Partington, Ph.D., BCBA",,,,,,,,,,,,,,,,,,,,,,,,,,,,,,
,,,,,,,,,,,,,,,,,,,,,,,,,,,,,,,,,,,,,,,,,,,,,,,,,
,,,,,,,,,,,,,,,,,,,,,,,,,,,,,,,,,,,,,,,,,,,,,,,,,
,,,,,,,,,,,,,,,,,,,,,,,,,,,,,,,,,,,,,,,,,,,,,,,,,
,,,,,,,,,,,,,,,,,,,,,,,,,,,,,,,,,,,,,,,,,,,,,,,,,
,,,,,,,,,,,,,,,,,,,,,,,,,,,,,,,,,,,,,,,,,,,,,,,,,
,,,,,,,,,,,,,,,,,,,,,,,,,,,,,,,,,,,,,,,,,,,,,,,,,
,,,,,,,,,,,,,,,,,,,,,,,,,,,,,,,,,,,,,,,,,,,,,,,,,
ABLLSTM REGISTRATION # ,,,,,,,,,,,,,,,,,,,,,,,,,,,,,,,,,,,,,,,,,,,,,,,,,
,,,,,,,,,,,,,,,,,,,,,,,,,,,,,,,,,,,,,,,,,,,,,,,,,
,,,,,,,,,,,,,,,,,,,,,,,,,,,,,,,,,,,,,,,,,,,,,,,,,
,,,,,,,,,,,,,,,,,,,,,,,,,,,,,,,,,,,,,,,,,,,,,,,,,
,,,,,,,,,,,,,,,,,,,,,,,,,,,,,,,,,,,,,,,,,,,,,,,,,
,,,,,,,,,,,,,,,,,,,,,,,,,,,,,,,,,,,,,,,,,,,,,,,,,
,,,,,,,,,,,,,,,,,,,,,,,,,,,,,,,,,,,,,,,,,,,,,,,,,
,,,,,,,,,,,,,,,,,,,,,,,,,,,,,,,,,,,,,,,,,,,,,,,,,
,,,,,,,,,,,,,,,,,,,,,,,,,,,,,,,,,,,,,,,,,,,,,,,,,
,,,,,,,,,,,,,,,,,,,,,,,,,,,,,,,,,,,,,,,,,,,,,,,,,
,,,,,,,,,,,,L34,,,,,,,,,,,,,,,,,,,,,,,,,,,,,,,,,,,,,
,,,,,,,,,,,,L33,,,,,,,,,,,,,,,,,,,,,,,,,,,,,,,,,,,,,
,,,,,,,,,,,,L32,,,,,,,,,,,,,,,,,,,,,,,,,,,,,,,,,,,,,
,,,,,,,,,,,,L31,,,,,,,,,,,,,,,,,,,,,,,,,,,,,,,,,,,,,
,,,,,,,,,,,,L30,,,,,,,,,,,,,,,,,,,,,,,,,,,,,,,,,,,,,
,,,,,,,,,,,,L29,,,,,,,,,,,,,,,,,,,,,,,,,,,,,,R29,,,,,,,
,,,,,,,,,,,,L28,,,,,,,,,,,,,,,,,,,,,,,,,,,,,,R28,,,,,,,
,,,,,,,,,,,,L27,,,,,,,,,,,,,,,,,,,,,,,,,,,,,,R27,,,,,,,
,,,,,,,,,,,,L26,,,,,,,,,,,,,,,,,,,,,,,,,,,,,,R26,,,,,,,
,,,,,,,,,,,,L25,,,,,,,,,,,,,,,,,,,,,,,,,,,,,,R25,,,,,,,
,,,,,,,,,,,,L24,,,,,,,,,,,,,,,,,,,,,,,,,,,,,,R24,,,,,,,
,,,,,,,,,,,,L23,,,,,,,,,,,,,,,,,,,,,,,,,,,,,,R23,,,,,,,
,,,,,,,,,,,,L22,,,,,,,,,,,,,,,,,,,,,,,,,,,,,,R22,,,,,,,
,,,,,,,,,,,,L21,,,,,,,,,,,,,,,,,,,,,,,,,,,,,,R21,,,,,,,
J20,,,,,,,,,,,,L20,,,,,,,,,,,,,,,,,,,,,,,,,,,,,,R20,,,,,,,
J19,,,,,,,,,,,,L19,,,,,,,,,,,,,,,,,,,,,,,,,,,,,,R19,,,,,,,
J18,,,,,,,,,,,,L18,,,,,,,,,,,,,,,,,,,,,,,,,,,,,,R18,,,,,,,
J17,,,,,,,,,,,,L17,,,,,,,,,,,,,,,,,,,,,,,,Q17,,,,,,R17,,,,,,,
J16,,,,,,,,,,,,L16,,,,,,,,,,,,,,,,,,,,,,,,Q16,,,,,,R16,,,,,,,
J15,,,,,,K15,,,,,,L15,,,,,,,,,,,,,,,,,,,,,,,,Q15,,,,,,R15,,,,,,,
J14,,,,,,K14,,,,,,L14,,,,,,,,,,,,,,,,,,,,,,,,Q14,,,,,,R14,,,,,,,
J13,,,,,,K13,,,,,,L13,,,,,,,,,,,,,,,,,,,,,,,,Q13,,,,,,R13,,,,,,,
J12,,,,,,K12,,,,,,L12,,,,,,M12,,,,,,,,,,,,,,,,,,Q12,,,,,,R12,,,,,,,
J11,,,,,,K11,,,,,,L11,,,,,,M11,,,,,,,,,,,,,,,,,,Q11,,,,,,R11,,,,,,,
J10,,,,,,K10,,,,,,L10,,,,,,M10,,,,,,N10,,,,,,,,,,,,Q10,,,,,,R10,,,,,,,
J9,,,,,,K9,,,,,,L9,,,,,,M9,,,,,,N9,,,,,,,,,,,,Q9,,,,,,R9,,,,,,,
J8,,,,,,K8,,,,,,L8,,,,,,M8,,,,,,N8,,,,,,,,,,,,Q8,,,,,,R8,,,,,,,
J7,,,,,,K7,,,,,,L7,,,,,,M7,,,,,,N7,,,,,,,,,,,,Q7,,,,,,R7,,,,,,,
J6,,,,,,K6,,,,,,L6,,,,,,M6,,,,,,N6,,,,,,P6,,,,,,Q6,,,,,,R6,,,,,,,
J5,,,,,,K5,,,,,,L5,,,,,,M5,,,,,,N5,,,,,,P5,,,,,,Q5,,,,,,R5,,,,,,,
J4,,,,,,K4,,,,,,L4,,,,,,M4,,,,,,N4,,,,,,P4,,,,,,Q4,,,,,,R4,,,,,,,
J3,,,,,,K3,,,,,,L3,,,,,,M3,,,,,,N3,,,,,,P3,,,,,,Q3,,,,,,R3,,,,,,,
J2,,,,,,K2,,,,,,L2,,,,,,M2,,,,,,N2,,,,,,P2,,,,,,Q2,,,,,,R2,,,,,,,
J1,,,,,,K1,,,,,,L1,,,,,,M1,,,,,,N1,,,,,,P1,,,,,,Q1,,,,,,R1,,,,,,,
J,Syntax and,,,,,K,Play and,,,,,L,Social,,,,,M,Group,,,,,N,Classroom,,,,,P,Generalized,,,,,Q,Reading,,,,,R,Math,,,,,,
,Grammer,,,,,,Leisure,,,,,,Interaction,,,,,,Instruction,,,,,,Routines,,,,,,Responding,,,,,,,,,,,,,,,,,,
,,,,,,,,,,,,,,,,,,,"Copyright© 1994-2006 by Behavior Analysts, Inc.",,,,,,,,,,,,,,,,,,,,,,,,,,,,,,
,,,,,,,,,,,,,The Assessment of Basic Language and Learning Skills-Revised,,,,,,,,,,,,,,,,,,,,,,,,,,,,,,,,,,,,
,,,,,,,,,,,,,,,,,Skill Tracking System,,,,,,,,,,,,,,,,,,,,,,,,,,,,,,,,
Student:,,,,,,,,,,,,,,,,,,,,,,,,,,,,,,,,,,,,,,,,,,,,,,,,,
Assessor,,,,Date,,Color Code,,,,,,,,,,,,,"James W. Partington, Ph.D., BCBA",,,,,,,,,,,,,,,,,,,,,,,,,,,,,,
,,,,,,,,,,,,,,,,,,,,,,,,,,,,,,,,,,,,,,,,,,,,,,,,,
,,,,,,,,,,,,,,,,,,,,,,,,,,,,,,,,,,,,,,,,,,,,,,,,,
,,,,,,,,,,,,,,,,,,,,,,,,,,,,,,,,,,,,,,,,,,,,,,,,,
,,,,,,,,,,,,,,,,,,,,,,,,,,,,,,,,,,,,,,,,,,,,,,,,,
,,,,,,,,,,,,,,,,,,,,,,,,,,,,,,,,,,,,,,,,,,,,,,,,,
,,,,,,,,,,,,,,,,,,,,,,,,,,,,,,,,,,,,,,,,,,,,,,,,,
,,,,,,,,,,,,,,,,,,,,,,,,,,,,,,,,,,,,,,,,,,,,,,,,,
,,,,,,,,,,,,,,,,,,,,,,,,,,,,,,,,,,,,,,,,,,,,,,,,,
ABLLSTM REGISTRATION # ,,,,,,,,,,,,,,,,,,,,,,,,,,,,,,,,,,,,,,,,,,,,,,,,,
,,,,,,,,,,,,,,,,,,,,,,,,,,,,,,,,,,,,,,,,,,,,,,,,,
,,,,,,,,,,,,,,,,,,,,,,,,,,,,,,,,,,,,,,,,,,,,,,,,,
,,,,,,,,,,,,,,,,,,,,,,,,,,,,,,,,,,,,,,,,,,,,,,,,,
,,,,,,,,,,,,,,,,,,,,,,,,,,,,,,,,,,,,,,,,,,,,,,,,,
,,,,,,,,,,,,,,,,,,,,,,,,,,,,,,,,,,,,,,,,,,,,,,,,,
,,,,,,,,,,,,,,,,,,,,,,,,,,,,,,,,,,,,,,,,,,,,,,,,,
,,,,,,,,,,,,,,,,,,,,,,,,,,,,,,,,,,,,,,,,,,,,,,,,,
,,,,,,,,,,,,,,,,,,,,,,,,,,,,,,,,,,,,,,,,,,,,,,,,,
,,,,,,,,,,,,,,,,,,,,,,,,,,,,,,,,,,,,,,,,,,,,,,,,,
,,,,,,,,,,,,,,,,,,,,,,,,,,,,,,,,,,,,,,,,,,,,,,,,,
,,,,,,,,,,,,,,,,,,,,,,,,,,,,,,,,,,,,,,,,,,,,,,,,,
,,,,,,,,,,,,,,,,,,,,,,,,,,,,,,,,,,,,,,,,,,,,,,,,,
,,,,,,,,,,,,,,,,,,,,,,,,,,,,,,,,,,,,,,,,,,,,,,,,,
,,,,,,,,,,,,,,,,,,,,,,,,,,,,,,,,,,,,,,,,,,,,,,,,,
,,,,,,,,,,,,,,,,,,,,,,,,,,,,,,,,,,,,,,,,,,,,,,,,,
,,,,,,,,,,,,,,,,,,,,,,,,,,,,,,,,,,,,,,,,,,,,,,,,,
,,,,,,,,,,,,,,,,,,,,,,,,,,,,,,,,,,,,,,,,,,,,,,,,,
,,,,,,,,,,,,,,,,,,,,,,,,,,,,,,,,,,,,Y30,,,,,,,,,,,,,
,,,,,,,,,,,,,,,,,,,,,,,,,,,,,,,,,,,,Y29,,,,,,,,,,,,,
,,,,,,,,,,,,,,,,,,,,,,,,,,,,,,,,,,,,Y28,,,,,,Z28,,,,,,,
,,,,,,,,,,,,,,,,,,,,,,,,,,,,,,,,,,,,Y27,,,,,,Z27,,,,,,,
,,,,,,,,,,,,,,,,,,,,,,,,,,,,,,,,,,,,Y26,,,,,,Z26,,,,,,,
,,,,,,,,,,,,,,,,,,,,,,,,,,,,,,,,,,,,Y25,,,,,,Z25,,,,,,,
,,,,,,,,,,,,,,,,,,,,,,,,,,,,,,,,,,,,Y24,,,,,,Z24,,,,,,,
,,,,,,,,,,,,,,,,,,,,,,,,,,,,,,,,,,,,Y23,,,,,,Z23,,,,,,,
,,,,,,,,,,,,,,,,,,,,,,,,,,,,,,,,,,,,Y22,,,,,,Z22,,,,,,,
,,,,,,,,,,,,,,,,,,,,,,,,,,,,,,,,,,,,Y21,,,,,,Z21,,,,,,,
,,,,,,,,,,,,,,,,,,,,,,,,,,,,,,,,,,,,Y20,,,,,,Z20,,,,,,,
,,,,,,,,,,,,,,,,,,,,,,,,,,,,,,,,,,,,Y19,,,,,,Z19,,,,,,,
,,,,,,,,,,,,,,,,,,,,,,,,,,,,,,,,,,,,Y18,,,,,,Z18,,,,,,,
,,,,,,,,,,,,,,,,,,,,,,,,,,,,,,,,,,,,Y17,,,,,,Z17,,,,,,,
,,,,,,,,,,,,,,,,,,,,,,,,,,,,,,,,,,,,Y16,,,,,,Z16,,,,,,,
,,,,,,,,,,,,U15,,,,,,,,,,,,,,,,,,,,,,,,Y15,,,,,,Z15,,,,,,,
,,,,,,,,,,,,U14,,,,,,,,,,,,,,,,,,,,,,,,Y14,,,,,,Z14,,,,,,,
,,,,,,,,,,,,U13,,,,,,,,,,,,,,,,,,,,,,,,Y13,,,,,,Z13,,,,,,,
,,,,,,,,,,,,U12,,,,,,,,,,,,,,,,,,,,,,,,Y12,,,,,,Z12,,,,,,,
,,,,,,,,,,,,U11,,,,,,,,,,,,,,,,,,,,,,,,Y11,,,,,,Z11,,,,,,,
S10,,,,,,,,,,,,U10,,,,,,V10,,,,,,,,,,,,X10,,,,,,Y10,,,,,,Z10,,,,,,,
S9,,,,,,,,,,,,U9,,,,,,V9,,,,,,,,,,,,X9,,,,,,Y9,,,,,,Z9,,,,,,,
S8,,,,,,,,,,,,U8,,,,,,V8,,,,,,,,,,,,X8,,,,,,Y8,,,,,,Z8,,,,,,,
S7,,,,,,T7,,,,,,U7,,,,,,V7,,,,,,W7,,,,,,X7,,,,,,Y7,,,,,,Z7,,,,,,,
S6,,,,,,T6,,,,,,U6,,,,,,V6,,,,,,W6,,,,,,X6,,,,,,Y6,,,,,,Z6,,,,,,,
S5,,,,,,T5,,,,,,U5,,,,,,V5,,,,,,W5,,,,,,X5,,,,,,Y5,,,,,,Z5,,,,,,,
S4,,,,,,T4,,,,,,U4,,,,,,V4,,,,,,W4,,,,,,X4,,,,,,Y4,,,,,,Z4,,,,,,,
S3,,,,,,T3,,,,,,U3,,,,,,V3,,,,,,W3,,,,,,X3,,,,,,Y3,,,,,,Z3,,,,,,,
S2,,,,,,T2,,,,,,U2,,,,,,V2,,,,,,W2,,,,,,X2,,,,,,Y2,,,,,,Z2,,,,,,,
S1,,,,,,T1,,,,,,U1,,,,,,V1,,,,,,W1,,,,,,X1,,,,,,Y1,,,,,,Z1,,,,,,,
S,Writing,,,,,T,Spelling,,,,,U,Dressing,,,,,V,Eating,,,,,W,Grooming,,,,,X,Toileting,,,,,Y,Gross Motor,,,,,Z,Fine Motor,,,,,,
,,,,,,,,,,,,,,,,,,,"Copyright© 1994-2006 by Behavior Analysts, Inc.",,,,,,,,,,,,,,,,,,,,,,,,,,,,,,
